<?xml version="1.0"?>
<doc>
    <assembly>
        <name>PondSharp.UserScripts</name>
    </assembly>
    <members>
        <member name="T:PondSharp.UserScripts.Entity">
            <summary>
            Abstract entity class. All entities should extend this class to be properly loaded into the Pond.
            </summary>
        </member>
        <member name="P:PondSharp.UserScripts.Entity.Id">
            <inheritdoc />
        </member>
        <member name="P:PondSharp.UserScripts.Entity.X">
            <inheritdoc />
        </member>
        <member name="P:PondSharp.UserScripts.Entity.Y">
            <inheritdoc />
        </member>
        <member name="P:PondSharp.UserScripts.Entity.Color">
            <inheritdoc />
        </member>
        <member name="P:PondSharp.UserScripts.Entity.ViewDistance">
            <inheritdoc />
        </member>
        <member name="P:PondSharp.UserScripts.Entity.WorldMinX">
            <inheritdoc />
        </member>
        <member name="P:PondSharp.UserScripts.Entity.WorldMaxX">
            <inheritdoc />
        </member>
        <member name="P:PondSharp.UserScripts.Entity.WorldMinY">
            <inheritdoc />
        </member>
        <member name="P:PondSharp.UserScripts.Entity.WorldMaxY">
            <inheritdoc />
        </member>
        <member name="P:PondSharp.UserScripts.Entity.TargetX">
            <summary>
            Target position X to move toward.
            </summary>
        </member>
        <member name="P:PondSharp.UserScripts.Entity.TargetY">
            <summary>
            Target position Y to move toward.
            </summary>
        </member>
        <member name="P:PondSharp.UserScripts.Entity.DidMoveThisTick">
            <summary>
            Did the entity move this tick;
            </summary>
        </member>
        <member name="M:PondSharp.UserScripts.Entity.SetMoveTowards(System.Int32,System.Int32)">
            <summary>
            Set a target position for the entity
            </summary>
            <param name="x"></param>
            <param name="y"></param>
        </member>
        <member name="M:PondSharp.UserScripts.Entity.CanMoveTo(System.Int32,System.Int32)">
            <summary>
            Checks if the entity can move to a World Position
            </summary>
            <param name="x">World X Position</param>
            <param name="y">World Y Position</param>
            <returns>If the entity can move to the World Position</returns>
        </member>
        <member name="M:PondSharp.UserScripts.Entity.MoveTo(System.Int32,System.Int32)">
            <summary>
            Tries to move the entity to the World Position
            </summary>
            <param name="x">World X Position</param>
            <param name="y">World Y Position</param>
            <returns>If the entity moved to the World Position</returns>
        </member>
        <member name="M:PondSharp.UserScripts.Entity.MoveTowardsTarget">
            <summary>
            Execute a move towards the current set target position
            </summary>
            <returns></returns>
        </member>
        <member name="M:PondSharp.UserScripts.Entity.CanChangeColorTo(System.Int32)">
            <summary>
            Checks if entity can change its color to the specified color.
            </summary>
            <param name="color">Desired Color</param>
            <returns>If the entity can change its color to the specified color.</returns>
        </member>
        <member name="M:PondSharp.UserScripts.Entity.ChangeColor(System.Int32)">
            <summary>
            Tries to change the entity's color to the specified color.
            </summary>
            <param name="color">Desired Color</param>
            <returns>If the entity's color was changed to the specified color.</returns>
        </member>
        <member name="M:PondSharp.UserScripts.Entity.CanChangeViewDistance(System.Int32)">
            <summary>
            Checks if entity can changes its view distance to the specified distance.
            </summary>
            <param name="distance">Distance that visible entities will use.</param>
            <returns>If the entity can change its view distance to the specified distance.</returns>
            
        </member>
        <member name="M:PondSharp.UserScripts.Entity.ChangeViewDistance(System.Int32)">
            <summary>
            Tries to change the entity's view distance to the specified distance.
            </summary>
            <param name="distance">Distance that visible entities will use.</param>
            <returns>If the entity's view distance was change the specified distance.</returns>
        </member>
        <member name="P:PondSharp.UserScripts.Entity.VisibleEntities">
            <summary>
            Entities which are within the ViewDistance
            </summary>
            <see cref="P:PondSharp.UserScripts.Entity.ViewDistance"/>
        </member>
        <member name="M:PondSharp.UserScripts.Entity.OnCreated">
             <summary>
             Called immediately after the Entity is created and loaded into the world.
            
             Useful for initialization tasks.
             </summary>
        </member>
        <member name="M:PondSharp.UserScripts.Entity.OnDestroy">
            <summary>
            Called before the Entity is destroyed and removed from the world.
            </summary>
        </member>
        <member name="M:PondSharp.UserScripts.Entity.Tick">
            <summary>
            Called on every tick.
            </summary>
        </member>
        <member name="T:PondSharp.UserScripts.AlreadyInitializedException">
            <summary>
            Entity is already intialized.
            </summary>
        </member>
        <member name="T:PondSharp.UserScripts.IEntity">
            <summary>
            Base Entity Interface
            </summary>
        </member>
        <member name="P:PondSharp.UserScripts.IEntity.Id">
            <summary>
            Id of the entity
            </summary>
        </member>
        <member name="P:PondSharp.UserScripts.IEntity.X">
            <summary>
            Current World X Position
            </summary>
        </member>
        <member name="P:PondSharp.UserScripts.IEntity.Y">
            <summary>
            Current World Y Position
            </summary>
        </member>
        <member name="P:PondSharp.UserScripts.IEntity.Color">
            <summary>
            Current Color
            </summary>
        </member>
        <member name="P:PondSharp.UserScripts.IEntity.ViewDistance">
            <summary>
            Distance the entity can see other entities
            </summary>
        </member>
        <member name="P:PondSharp.UserScripts.IEntity.WorldMinX">
            <summary>
            Minimum X of World
            </summary>
        </member>
        <member name="P:PondSharp.UserScripts.IEntity.WorldMaxX">
            <summary>
            Maximum X of World
            </summary>
        </member>
        <member name="P:PondSharp.UserScripts.IEntity.WorldMinY">
            <summary>
            Minimum Y of World
            </summary>
        </member>
        <member name="P:PondSharp.UserScripts.IEntity.WorldMaxY">
            <summary>
            Maximum Y of World
            </summary>
        </member>
        <member name="T:PondSharp.UserScripts.PondDefaultsAttribute">
            <summary>
            Defines default parameters for the entities creation
            </summary>
        </member>
        <member name="F:PondSharp.UserScripts.PondDefaultsAttribute.NewCount">
            <summary>
            Default count for the "Create Entity" button on screen.
            </summary>
        </member>
        <member name="F:PondSharp.UserScripts.PondDefaultsAttribute.InitialCount">
            <summary>
            Number of entities to create at simulation start.
            </summary>
        </member>
    </members>
</doc>
