<?xml version="1.0"?>
<doc>
    <assembly>
        <name>PondSharp.UserScripts</name>
    </assembly>
    <members>
        <member name="T:PondSharp.UserScripts.AbstractEntity">
            <summary>
            Abstract entity class. All entities should extend this class to be properly loaded into the Pond.
            </summary>
        </member>
        <member name="P:PondSharp.UserScripts.AbstractEntity.Id">
            <inheritdoc />
        </member>
        <member name="P:PondSharp.UserScripts.AbstractEntity.X">
            <inheritdoc />
        </member>
        <member name="P:PondSharp.UserScripts.AbstractEntity.Y">
            <inheritdoc />
        </member>
        <member name="P:PondSharp.UserScripts.AbstractEntity.Color">
            <inheritdoc />
        </member>
        <member name="P:PondSharp.UserScripts.AbstractEntity.ViewDistance">
            <inheritdoc />
        </member>
        <member name="P:PondSharp.UserScripts.AbstractEntity.WorldMinX">
            <inheritdoc />
        </member>
        <member name="P:PondSharp.UserScripts.AbstractEntity.WorldMaxX">
            <inheritdoc />
        </member>
        <member name="P:PondSharp.UserScripts.AbstractEntity.WorldMinY">
            <inheritdoc />
        </member>
        <member name="P:PondSharp.UserScripts.AbstractEntity.WorldMaxY">
            <inheritdoc />
        </member>
        <member name="M:PondSharp.UserScripts.AbstractEntity.Initialize(System.String,PondSharp.UserScripts.IEngine,System.Int32,System.Int32,System.Int32,System.Int32)">
            <inheritdoc />
        </member>
        <member name="M:PondSharp.UserScripts.AbstractEntity.CanMoveTo(System.Int32,System.Int32)">
            <inheritdoc />
        </member>
        <member name="M:PondSharp.UserScripts.AbstractEntity.MoveTo(System.Int32,System.Int32)">
            <inheritdoc />
        </member>
        <member name="M:PondSharp.UserScripts.AbstractEntity.CanChangeColorTo(System.Int32)">
            <inheritdoc />
        </member>
        <member name="M:PondSharp.UserScripts.AbstractEntity.ChangeColor(System.Int32)">
            <inheritdoc />
        </member>
        <member name="P:PondSharp.UserScripts.AbstractEntity.VisibleEntities">
            <inheritdoc />
        </member>
        <member name="M:PondSharp.UserScripts.AbstractEntity.OnCreated">
            <inheritdoc />
        </member>
        <member name="M:PondSharp.UserScripts.AbstractEntity.OnDestroy">
            <inheritdoc />
        </member>
        <member name="M:PondSharp.UserScripts.AbstractEntity.Tick">
            <inheritdoc />
        </member>
        <member name="T:PondSharp.UserScripts.IAbstractEntity">
            <summary>
            Base Entity Interface
            </summary>
        </member>
        <member name="P:PondSharp.UserScripts.IAbstractEntity.Id">
            <summary>
            UUID of the entity
            </summary>
        </member>
        <member name="P:PondSharp.UserScripts.IAbstractEntity.X">
            <summary>
            Current World X Position
            </summary>
        </member>
        <member name="P:PondSharp.UserScripts.IAbstractEntity.Y">
            <summary>
            Current World Y Position
            </summary>
        </member>
        <member name="P:PondSharp.UserScripts.IAbstractEntity.Color">
            <summary>
            Current Color
            </summary>
        </member>
        <member name="P:PondSharp.UserScripts.IAbstractEntity.ViewDistance">
            <summary>
            Distance the entity can see other entities
            </summary>
        </member>
        <member name="P:PondSharp.UserScripts.IAbstractEntity.WorldMinX">
            <summary>
            Minimum X of World
            </summary>
        </member>
        <member name="P:PondSharp.UserScripts.IAbstractEntity.WorldMaxX">
            <summary>
            Maximum X of World
            </summary>
        </member>
        <member name="P:PondSharp.UserScripts.IAbstractEntity.WorldMinY">
            <summary>
            Minimum Y of World
            </summary>
        </member>
        <member name="P:PondSharp.UserScripts.IAbstractEntity.WorldMaxY">
            <summary>
            Maximum Y of World
            </summary>
        </member>
        <member name="P:PondSharp.UserScripts.IAbstractEntity.VisibleEntities">
            <summary>
            Entities which are within the ViewDistance
            </summary>
            <see cref="P:PondSharp.UserScripts.IAbstractEntity.ViewDistance"/>
        </member>
        <member name="M:PondSharp.UserScripts.IAbstractEntity.Initialize(System.String,PondSharp.UserScripts.IEngine,System.Int32,System.Int32,System.Int32,System.Int32)">
            <summary>
            Not to be called except by the engine. Will likely fail.
            <exception cref="T:PondSharp.UserScripts.AlreadyInitializedException">Entity was already initialized.</exception>
            </summary>
        </member>
        <member name="M:PondSharp.UserScripts.IAbstractEntity.CanMoveTo(System.Int32,System.Int32)">
            <summary>
            Checks if the entity can move to a World Position
            </summary>
            <param name="x">World X Position</param>
            <param name="y">World Y Position</param>
            <returns>If the entity can move to the World Position</returns>
        </member>
        <member name="M:PondSharp.UserScripts.IAbstractEntity.MoveTo(System.Int32,System.Int32)">
            <summary>
            Tries to move the entity to the World Position
            </summary>
            <param name="x">World X Position</param>
            <param name="y">World Y Position</param>
            <returns>If the entity moved to the World Position</returns>
        </member>
        <member name="M:PondSharp.UserScripts.IAbstractEntity.CanChangeColorTo(System.Int32)">
            <summary>
            Checks if entity can change its color to the specified color.
            </summary>
            <param name="color">Desired Color</param>
            <returns>If the entity can change its color to the specified color.</returns>
        </member>
        <member name="M:PondSharp.UserScripts.IAbstractEntity.ChangeColor(System.Int32)">
            <summary>
            Tries to change the entity's color to the specified color.
            </summary>
            <param name="color">Desired Color</param>
            <returns>If the entity's color was changed to the specified color.</returns>
        </member>
        <member name="M:PondSharp.UserScripts.IAbstractEntity.OnCreated">
             <summary>
             Called immediately after the Entity is created and loaded into the world.
            
             Useful for initialization tasks.
             </summary>
        </member>
        <member name="M:PondSharp.UserScripts.IAbstractEntity.OnDestroy">
            <summary>
            Called before the Entity is destroyed and removed from the world.
            </summary>
        </member>
        <member name="M:PondSharp.UserScripts.IAbstractEntity.Tick">
            <summary>
            Called on every tick.
            </summary>
        </member>
        <member name="T:PondSharp.UserScripts.AlreadyInitializedException">
            <summary>
            Entity is already intialized.
            </summary>
        </member>
    </members>
</doc>
